{
  "H": {
    "1": 938.7830737655465,
    "2": 938.0619639868928
  },
  "He": {
    "3": 936.4711753895971,
    "4": 932.1003314734621
  },
  "Li": {
    "6": 933.8419162277577,
    "7": 933.623689559776
  },
  "Be": {
    "9": 932.755045286577
  },
  "B": {
    "10": 932.6991670253598,
    "11": 932.2820761451832
  },
  "C": {
    "12": 931.4941024200001,
    "13": 931.734487729007
  },
  "N": {
    "14": 931.6986321769155,
    "15": 931.500865005084
  },
  "O": {
    "16": 931.1980397693712,
    "17": 931.4465281121196,
    "18": 931.4506126680972
  },
  "F": {
    "19": 931.4158158316042
  },
  "Ne": {
    "20": 931.1420060327321,
    "21": 931.2211613409322,
    "22": 931.1293420316845
  },
  "Na": {
    "23": 931.0797608833257
  },
  "Mg": {
    "24": 930.9135370769905,
    "25": 930.966392381097,
    "26": 930.8704671184298
  },
  "Al": {
    "27": 930.8571812525469
  },
  "Si": {
    "28": 930.7265025425038,
    "29": 930.7390996293825,
    "30": 930.6796691814311
  },
  "P": {
    "31": 930.7056977708941
  },
  "S": {
    "32": 930.6811168979214,
    "33": 930.6884703893444,
    "34": 930.6137583025569,
    "36": 930.6423286878455
  },
  "Cl": {
    "35": 930.6651445269626,
    "37": 930.6356827711392
  },
  "Ar": {
    "36": 930.6543371993159,
    "38": 930.580551835553,
    "40": 930.618104873214
  },
  "K": {
    "39": 930.6272513809969,
    "40": 930.6557158105874,
    "41": 930.6267964402093
  },
  "Ca": {
    "40": 930.622943519329,
    "42": 930.5763145879441,
    "43": 930.6008645637398,
    "44": 930.551642091556,
    "46": 930.5563308573246,
    "48": 930.5727557814581
  },
  "Sc": {
    "45": 930.5813830987111
  },
  "Ti": {
    "46": 930.53480524361,
    "47": 930.537987144741,
    "48": 930.4838369069313,
    "49": 930.5030041010754,
    "50": 930.4654683866032
  },
  "V": {
    "50": 930.5096249330344,
    "51": 930.4704999889818
  },
  "Cr": {
    "50": 930.4888526145504,
    "52": 930.4283477733946,
    "53": 930.4509520528126,
    "54": 930.4397545954052
  },
  "Mn": {
    "55": 930.444782781752
  },
  "Fe": {
    "54": 930.4523470156788,
    "56": 930.411839343574,
    "57": 930.4382783679096,
    "58": 930.4224666358953
  },
  "Co": {
    "59": 930.4393669114191
  },
  "Ni": {
    "58": 930.4556792187194,
    "60": 930.41954634835,
    "61": 930.4412850283386,
    "62": 930.4175506472757,
    "64": 930.4456766985355
  },
  "Cu": {
    "63": 930.4531503677354,
    "65": 930.459284125604
  },
  "Zn": {
    "64": 930.4627929026675,
    "66": 930.4501798021273,
    "67": 930.4809566031993,
    "68": 930.4645822617429,
    "70": 930.5003312833038
  },
  "Ga": {
    "69": 930.4893442814375,
    "71": 930.5062201252955
  },
  "Ge": {
    "70": 930.4860794235369,
    "72": 930.4859644653362,
    "73": 930.5174244735159,
    "74": 930.5019071267631,
    "76": 930.5307745066298
  },
  "As": {
    "75": 930.52031848533
  },
  "Se": {
    "74": 930.5182477991159,
    "76": 930.5039450251797,
    "77": 930.5252771792598,
    "78": 930.5065873068819,
    "80": 930.5221116114774,
    "82": 930.5478293684671
  },
  "Br": {
    "79": 930.5312205036479,
    "81": 930.5314205150396
  },
  "Kr": {
    "78": 930.5430947103575,
    "80": 930.5204349220928,
    "82": 930.5112756087419,
    "83": 930.5303597672978,
    "84": 930.5126816752881,
    "86": 930.5258969435575
  },
  "Rb": {
    "85": 930.5274278674949,
    "87": 930.5217139063228
  },
  "Sr": {
    "84": 930.5339870523617,
    "86": 930.5112757355477,
    "87": 930.5184694160026,
    "88": 930.4949930660142
  },
  "Y": {
    "89": 930.5085816596397
  },
  "Zr": {
    "90": 930.5077412449606,
    "91": 930.5282167364227,
    "92": 930.5325909201295,
    "94": 930.5657099947507,
    "96": 930.6041141422937
  },
  "Nb": {
    "93": 930.556298196241
  },
  "Mo": {
    "92": 930.5505292690561,
    "94": 930.5535312048373,
    "95": 930.5708191929627,
    "96": 930.569155944875,
    "97": 930.591580665075,
    "98": 930.5949634800763,
    "100": 930.6321722971486
  },
  "Ru": {
    "96": 930.5974326127215,
    "98": 930.5938799053041,
    "99": 930.6089948420743,
    "100": 930.6018335342328,
    "101": 930.6232292159484,
    "102": 930.620507068652,
    "104": 930.647069753982
  },
  "Rh": {
    "103": 930.6393887537891
  },
  "Pd": {
    "102": 930.6323059939492,
    "104": 930.6345304102958,
    "105": 930.6520228800398,
    "106": 930.6459155259852,
    "108": 930.6651761681909,
    "110": 930.6910952268165
  },
  "Ag": {
    "107": 930.6678584456012,
    "109": 930.6801645824689
  },
  "Cd": {
    "106": 930.6721028130154,
    "108": 930.6676946522456,
    "110": 930.6727617292553,
    "111": 930.69002999732,
    "112": 930.685399200867,
    "113": 930.7061078692166,
    "114": 930.7044977481811,
    "116": 930.7293377317917
  },
  "In": {
    "113": 930.7032391971135,
    "115": 930.7155253864142
  },
  "Sn": {
    "112": 930.7025403557337,
    "114": 930.6997185297556,
    "115": 930.7111994468032,
    "116": 930.7050851586181,
    "117": 930.7214718502269,
    "118": 930.7173863249202,
    "119": 930.7372517202615,
    "120": 930.7349502514295,
    "122": 930.7568477435273,
    "124": 930.7825385823909
  },
  "Sb": {
    "121": 930.7536031000678,
    "123": 930.7686729885299
  },
  "Te": {
    "120": 930.7493728851152,
    "122": 930.753793664503,
    "123": 930.769127375897,
    "124": 930.7640814774744,
    "125": 930.7819192890538,
    "126": 930.7792915885478,
    "128": 930.7988366774132,
    "130": 930.8221566098757
  },
  "I": {
    "127": 930.7934281554002
  },
  "Xe": {
    "124": 930.7871434685585,
    "126": 930.786610470781,
    "128": 930.7920687905754,
    "129": 930.8065360064534,
    "130": 930.8027141783565,
    "131": 930.8191897191136,
    "132": 930.8177465986971,
    "134": 930.8364469378894,
    "136": 930.8585938562502
  },
  "Cs": {
    "133": 930.8319148887566
  },
  "Ba": {
    "130": 930.8228534391176,
    "132": 930.8241394003813,
    "134": 930.8302946974007,
    "135": 930.8433606400494,
    "136": 930.8405223227255,
    "137": 930.853798813378,
    "138": 930.8545237193724
  },
  "La": {
    "138": 930.8671663893277,
    "139": 930.8665836592044
  },
  "Ce": {
    "136": 930.8580083848099,
    "138": 930.8595389376196,
    "140": 930.8650112244013,
    "142": 930.8987989707421
  },
  "Pr": {
    "141": 930.884072878032
  },
  "Nd": {
    "142": 930.8888280479556,
    "143": 930.9066748804458,
    "144": 930.9125007898015,
    "145": 930.9325078376996,
    "146": 930.9397996280941,
    "148": 930.9710810692492,
    "150": 931.002906949912
  },
  "Sm": {
    "144": 930.9249207111671,
    "147": 930.9548497117282,
    "148": 930.9580527395735,
    "149": 930.976410506394,
    "150": 930.9804268922401,
    "152": 931.0022428926688,
    "154": 931.023637411648
  },
  "Eu": {
    "151": 930.9997134673495,
    "153": 931.0145777795495
  },
  "Gd": {
    "152": 931.0026105877092,
    "154": 931.0154898625832,
    "155": 931.0291366219082,
    "156": 931.0291375849914,
    "157": 931.0429982187567,
    "158": 931.0467022652883,
    "160": 931.0694691897355
  },
  "Tb": {
    "159": 931.0567923019545
  },
  "Dy": {
    "156": 931.0419933978279,
    "158": 931.0484591339117,
    "160": 931.0586463926331,
    "161": 931.0713950248638,
    "162": 931.0732280846869,
    "163": 931.0868566272347,
    "164": 931.091861683175
  },
  "Ho": {
    "165": 931.1007804466078
  },
  "Er": {
    "162": 931.0846302624961,
    "164": 931.0920093590694,
    "166": 931.1029815137784,
    "167": 931.1151126099219,
    "168": 931.1191538653449,
    "170": 931.1405182174756
  },
  "Tm": {
    "169": 931.1315307421818
  },
  "Yb": {
    "168": 931.1275428568744,
    "170": 931.1366675852373,
    "171": 931.1472789484794,
    "172": 931.1495939836906,
    "173": 931.1614363697385,
    "174": 931.1668350829799,
    "176": 931.1901744184107
  },
  "Lu": {
    "175": 931.1788688472707,
    "176": 931.1907952380596
  },
  "Hf": {
    "174": 931.1731652278157,