{
  "H": 938.9227678867995,
  "He": 932.1000393336243,
  "Li": 1081.6975264352247,
  "Be": 1049.3494259473991,
  "B": 1007.2711476518668,
  "C": 932.316922210471,
  "N": 931.9502018537206,
  "O": 931.4591713911592,
  "F": 983.1611389851096,
  "Ne": 939.8635769302437,
  "Na": 973.4015681962042,
  "Mg": 943.3512460987212,
  "Al": 966.6593805314909,
  "Si": 934.3218523737751,
  "P": 961.7292210299239,
  "S": 933.458972792292,
  "Cl": 971.2606815277243,
  "Ar": 1031.8237797014874,
  "K": 958.4167332802076,
  "Ca": 933.310515919719,
  "Sc": 997.0515040699071,
  "Ti": 1013.3597318304123,
  "V": 1031.5588438788789,
  "Cr": 1009.0429270591784,
  "Mn": 1023.4892610599272,
  "Fe": 1000.3709259547096,
  "Co": 1016.591160143958,
  "Ni": 976.2956419817504,
  "Cu": 1020.5642109031262,
  "Zn": 1015.0180736036599,
  "Ga": 1047.5252145649945,
  "Ge": 1057.1002602931967,
  "As": 1057.4094528242385,
  "Se": 1081.779717091321,
  "Br": 1063.287210853824,
  "Kr": 1084.1297610359884,
  "Rb": 1075.8479952271903,
  "Sr": 1073.9146480794789,
  "Y": 1061.7341747525145,
  "Zr": 1062.1827249895262,
  "Nb": 1055.387021125005,
  "Mo": 1064.01022770475,
  "Ru": 1069.8421469498794,
  "Rh": 1065.0650782404475,
  "Pd": 1077.495678038439,
  "Ag": 1068.9211929644791,
  "Cd": 1090.7601878066862,
  "In": 1091.3498964455057,
  "Sn": 1105.7766489827818,
  "Sb": 1111.9482540260706,
  "Te": 1142.8716102768462,
  "I": 1115.1958997710926,
  "Xe": 1132.3949554539727,
  "Cs": 1125.4604061836785,
  "Ba": 1142.1365232413511,
  "La": 1134.9967201655986,
  "Ce": 1125.148514264489,
  "Pr": 1112.327578608496,
  "Nd": 1119.6714360105468,
  "Sm": 1129.5117196763808,
  "Eu": 1123.4410300012132,
  "Gd": 1144.3550594183203,
  "Tb": 1138.7540767385442,
  "Dy": 1146.7256942670456,
  "Ho": 1146.504685389524,
  "Er": 1145.593912328432,
  "Tm": 1140.2987519125695,
  "Yb": 1151.3599782376348,
  "Lu": 1147.750298023237,
  "Hf": 1154.5740025315008,
  "Ta": 1154.4649525027526,
  "W": 1157.0667283033297,
  "Re": 1156.3381488621396,
  "Os": 1165.7771256799776,
  "Ir": 1162.655856395228,
  "Pt": 1164.869201772457,
  "Au": 1161.2227742335194,
  "Hg": 1167.814156203954,
  "Tl": 1175.1976844565313,
  "Pb": 1175.9545058843707,
  "Bi": 1172.6747597673045,
  "Th": 1200.7874949394513,
  "Pa": 1182.4646135572243,
  "U": 1205.013727556853
}